Description,Price_cleaned,Price,Rating,Url
PS4 Horizon Forbidden West standard (PS4),"3,905","₹3,905",4.5 out of 5 stars,https://www.amazon.com//PS4-Horizon-Forbidden-West-standard/dp/B09FJYNS3W/ref=sr_1_1?keywords=ps4+games&qid=1646857932&sr=8-1
Babylon's Fall (PS4),"3,999","₹3,999",,https://www.amazon.com//Square-Enix-Babylons-Fall-PS4/dp/B09QWYK634/ref=sr_1_omk_2?keywords=ps4+games&qid=1646857932&sr=8-2
Grand Theft Auto V - Premium Edition (PS4),"1,479","₹1,479",4.5 out of 5 stars,https://www.amazon.com//Grand-Theft-V-Premium-PS4/dp/B07D381RDJ/ref=sr_1_3?keywords=ps4+games&qid=1646857932&sr=8-3
Sony Uncharted Collection Hits (PS4),979,₹979,4.6 out of 5 stars,https://www.amazon.com//Sony-Uncharted-Collection-Hits-PS4/dp/B07M5V17R9/ref=sr_1_4?keywords=ps4+games&qid=1646857932&sr=8-4
FIFA 22 (PS4),"2,999","₹2,999",4.6 out of 5 stars,https://www.amazon.com//Electronic-Arts-FIFA-22-PS4/dp/B0999ZP8G6/ref=sr_1_5?keywords=ps4+games&qid=1646857932&sr=8-5
Sony PS4 God of War (Playstation 4),999,₹999,4.7 out of 5 stars,https://www.amazon.com//PS4-God-of-War/dp/B07YQ73Y8T/ref=sr_1_6?keywords=ps4+games&qid=1646857932&sr=8-6
Sony Marvel's Spider-Man G.O.T.Y Ps4,"1,294","₹1,294",4.6 out of 5 stars,https://www.amazon.com//Marvels-Spider-Man-PS4-Game/dp/B07X23YRCS/ref=sr_1_7?keywords=ps4+games&qid=1646857932&sr=8-7
PS4 Marvel's Spider-Man: Miles Morales (PS4),"2,773","₹2,773",4.5 out of 5 stars,https://www.amazon.com//PS4-Marvels-Spider-Man-Miles-Morales/dp/B08LFBM5JV/ref=sr_1_8?keywords=ps4+games&qid=1646857932&sr=8-8
Anthem (PS4),499,₹499,3.0 out of 5 stars,https://www.amazon.com//gp/slredirect/picassoRedirect.html/ref=pa_sp_mtf_aps_sr_pg1_1?ie=UTF8&adId=A03119871WIED4DIISWPM&url=%2FElectronic-Arts-Anthem-PS4%2Fdp%2FB07DVV7WHP%2Fref%3Dsr_1_9_sspa%3Fkeywords%3Dps4%2Bgames%26qid%3D1646857932%26sr%3D8-9-spons%26psc%3D1%26smid%3DA3859KXGMXTZTJ&qualifier=1646857932&id=5161796360809454&widgetName=sp_mtf
Sony PS4 Ghost of Tsushima (PS4),"1,999","₹1,999",4.7 out of 5 stars,https://www.amazon.com//PS4-Ghost-of-Tsushima/dp/B085LZSG6F/ref=sr_1_10?keywords=ps4+games&qid=1646857932&sr=8-10
Sony The Last of US Hit (PS4),959,₹959,4.6 out of 5 stars,https://www.amazon.com//Last-US-Hit-PS4/dp/B07FXTHTNY/ref=sr_1_11?keywords=ps4+games&qid=1646857932&sr=8-11
Red Dead Redemption - 2 (PS4),"1,999","₹1,999",4.7 out of 5 stars,https://www.amazon.com//Red-Dead-Redemption-2-PS4/dp/B07BFGGNT9/ref=sr_1_12?keywords=ps4+games&qid=1646857932&sr=8-12
UBI Soft Tom Clancy's Ghost Recon Breakpoint (PS4),701,₹701,4.0 out of 5 stars,https://www.amazon.com//Tom-Clancys-Ghost-Recon-Breakpoint/dp/B07S1XKYGT/ref=sr_1_13?keywords=ps4+games&qid=1646857932&sr=8-13
WWE 2K20 (PS4),"1,499","₹1,499",4.0 out of 5 stars,https://www.amazon.com//2K-Games-WWE-2K20-PS4/dp/B07W6G9SCB/ref=sr_1_14?keywords=ps4+games&qid=1646857932&sr=8-14
ROCKSTAR GAMES Grand Theft Auto for PS4,"1,599","₹1,599",4.5 out of 5 stars,https://www.amazon.com//GRAND-THEFT-AUTO-PREMIUM-PS4/dp/B07H3TF8L7/ref=sr_1_15?keywords=ps4+games&qid=1646857932&sr=8-15
Sony Horizon: Zero Dawn - Complete Edition (Playstation 4),739,₹739,4.5 out of 5 stars,https://www.amazon.com//Horizon-Zero-Dawn-Complete-PS4/dp/B07D2NY7RW/ref=sr_1_16?keywords=ps4+games&qid=1646857932&sr=8-16
Uncharted: The Lost Legacy (PS4),"1,089","₹1,089",4.6 out of 5 stars,https://www.amazon.com//Uncharted-The-Lost-Legacy-PS4/dp/B01LTI9IEA/ref=sr_1_17?keywords=ps4+games&qid=1646857932&sr=8-17
Pro Evolution Soccer 2019 - David Beckham Special Edition (PS4),719,₹719,5.0 out of 5 stars,https://www.amazon.com//gp/slredirect/picassoRedirect.html/ref=pa_sp_atf_next_aps_sr_pg2_1?ie=UTF8&adId=A0767611RM485FHQD4ZL&url=%2FPro-Evolution-Soccer-2019-Beckham%2Fdp%2FB07GM8MK2D%2Fref%3Dsr_1_17_sspa%3Fkeywords%3Dps4%2Bgames%26qid%3D1646857938%26sr%3D8-17-spons%26psc%3D1%26smid%3DA3859KXGMXTZTJ&qualifier=1646857938&id=4182053369734064&widgetName=sp_atf_next
Sony The Last of Us Part II (PS4),"1,899","₹1,899",4.7 out of 5 stars,https://www.amazon.com//PS4-Last-Us-Part-II/dp/B07YQ8JMSH/ref=sr_1_18?keywords=ps4+games&qid=1646857938&sr=8-18
Sony Uncharted 4 TE Hit (PS4),"1,099","₹1,099",4.7 out of 5 stars,https://www.amazon.com//Uncharted-Thiefs-Playstation-Newer-Version/dp/B07GLGSHWN/ref=sr_1_19?keywords=ps4+games&qid=1646857938&sr=8-19
Tekken 7 (PS4),"1,300","₹1,300",4.4 out of 5 stars,https://www.amazon.com//Namco-217940-Tekken-7-PS4/dp/B071WC5TKG/ref=sr_1_20?keywords=ps4+games&qid=1646857938&sr=8-20
Sony Infamous Second Son Hit (PS4),911,₹911,4.5 out of 5 stars,https://www.amazon.com//Infamous-Second-Son-Hit-PS4/dp/B07GQJ534Z/ref=sr_1_21?keywords=ps4+games&qid=1646857938&sr=8-21
Assassins Creed: Odyssey (PS4),"1,290","₹1,290",4.5 out of 5 stars,https://www.amazon.com//UBI-Soft-Assassins-Creed-Odyssey/dp/B07DS1FFHK/ref=sr_1_22?keywords=ps4+games&qid=1646857938&sr=8-22
Borderlands 3 (PS4),599,₹599,4.4 out of 5 stars,https://www.amazon.com//2K-GAMES-225103-Borderlands-PS4/dp/B07QZ67JWM/ref=sr_1_23?keywords=ps4+games&qid=1646857938&sr=8-23
WB Games Mortal Kombat 11 (PS4),"1,512","₹1,512",4.4 out of 5 stars,https://www.amazon.com//WB-Games-Mortal-Kombat-PS4/dp/B07MQ6JBZM/ref=sr_1_24?keywords=ps4+games&qid=1646857938&sr=8-24
Just Cause 4 (PS4),882,₹882,4.0 out of 5 stars,https://www.amazon.com//Square-Enix-Just-Cause-PS4/dp/B07DRSBSSL/ref=sr_1_25?keywords=ps4+games&qid=1646857938&sr=8-25
Need for Speed Payback (PS4),"1,280","₹1,280",4.3 out of 5 stars,https://www.amazon.com//Need-for-Speed-Payback-PS4/dp/B0721MPVYV/ref=sr_1_26?keywords=ps4+games&qid=1646857938&sr=8-26
Sony PS4 GT Sport,649,₹649,4.2 out of 5 stars,https://www.amazon.com//SIEE-220427-Gran-Turismo-Sport/dp/B0743HVKTF/ref=sr_1_27?keywords=ps4+games&qid=1646857938&sr=8-27
Watch Dogs 2 (PS4),"1,068","₹1,068",4.3 out of 5 stars,https://www.amazon.com//UBI-Soft-Watch-Dogs-PS4/dp/B01H3PRC0U/ref=sr_1_28?keywords=ps4+games&qid=1646857938&sr=8-28
F1 2021 (PS4),"2,290","₹2,290",4.7 out of 5 stars,https://www.amazon.com//Electronic-Arts-F1-2021-PS4/dp/B0933GGTVH/ref=sr_1_29?keywords=ps4+games&qid=1646857938&sr=8-29
Need for Speed Heat (PS4),"1,599","₹1,599",4.4 out of 5 stars,https://www.amazon.com//Need-for-Speed-Heat-PS4/dp/B07WQ4KTT6/ref=sr_1_30?keywords=ps4+games&qid=1646857938&sr=8-30
PS4 Ghost of Tsushima Director's Cut (PS4),"2,499","₹2,499",4.6 out of 5 stars,https://www.amazon.com//PS4-Ghost-Tsushima-Directors-Cut/dp/B099B7JN4V/ref=sr_1_31?keywords=ps4+games&qid=1646857938&sr=8-31
NBA 2K22 (PS4),"2,299","₹2,299",4.8 out of 5 stars,https://www.amazon.com//2K-GAMES-NBA-2K22-PS4/dp/B098TXQJP2/ref=sr_1_32?keywords=ps4+games&qid=1646857938&sr=8-32
Cyberpunk 2077 (Free PS5 Upgrade),"1,599","₹1,599",4.0 out of 5 stars,https://www.amazon.com//CD-PROJEKT-RED-Cyberpunk-2077/dp/B07DRTM3JN/ref=sr_1_33?keywords=ps4+games&qid=1646857938&sr=8-33
Marvel's Avengers (Free PS5 Upgrade),"1,428","₹1,428",4.0 out of 5 stars,https://www.amazon.com//Square-Enix-Marvels-Avengers-PS4/dp/B07YSTD51Q/ref=sr_1_33?keywords=ps4+games&qid=1646857942&sr=8-33
UBI Soft Far Cry 5 (PS4),"1,299","₹1,299",4.4 out of 5 stars,https://www.amazon.com//UBI-Soft-Far-Cry-PS4/dp/B078G9XKR7/ref=sr_1_34?keywords=ps4+games&qid=1646857942&sr=8-34
Injustice 2 - Legendary Edition (PS4),"1,356","₹1,356",4.4 out of 5 stars,https://www.amazon.com//Injustice-2-Legendary-Edition-PS4/dp/B07C1ZGZDG/ref=sr_1_35?keywords=ps4+games&qid=1646857942&sr=8-35
Division 2 (PS4) (PS4),575,₹575,3.7 out of 5 stars,https://www.amazon.com//Tom-Clancys-Division-2-PS4/dp/B07Y8NNJ7X/ref=sr_1_36?keywords=ps4+games&qid=1646857942&sr=8-36
Cricket 19 International Edition (PS4),"2,000","₹2,000",4.1 out of 5 stars,https://www.amazon.com//Cricket-19-International-Edition-PS4/dp/B07QNQN449/ref=sr_1_37?keywords=ps4+games&qid=1646857942&sr=8-37
Need For Speed: Rivals Hits (PS4),"1,299","₹1,299",4.2 out of 5 stars,https://www.amazon.com//Need-For-Speed-Rivals-PS4/dp/B00D781QO6/ref=sr_1_38?keywords=ps4+games&qid=1646857942&sr=8-38
Cricket 22 International Edition (PS4),"3,499","₹3,499",3.7 out of 5 stars,https://www.amazon.com//Cricket-22-International-Edition-PS4/dp/B09HXVG7ND/ref=sr_1_39?keywords=ps4+games&qid=1646857942&sr=8-39
UBI Soft Far Cry: New Dawn (PS4).,840,₹840,4.4 out of 5 stars,https://www.amazon.com//Far-Cry-New-Dawn-PS4/dp/B07M7F7C2W/ref=sr_1_40?keywords=ps4+games&qid=1646857942&sr=8-40
Battlefield V (PS4),"1,499","₹1,499",4.4 out of 5 stars,https://www.amazon.com//Electronic-Arts-Battlefield-V-PS4/dp/B07D9QBZ88/ref=sr_1_41?keywords=ps4+games&qid=1646857942&sr=8-41
Electronic Arts Sports FIFA 18 (PS4),587,₹587,4.5 out of 5 stars,https://www.amazon.com//EA-Sports-FIFA-18-PS4/dp/B071ZZZ3K9/ref=sr_1_42?keywords=ps4+games&qid=1646857942&sr=8-42
Marvel's Avengers - PS4 (Free PS5 Upgrade),"1,469","₹1,469",3.2 out of 5 stars,https://www.amazon.com//Marvels-Avengers-PS4-Free-Upgrade/dp/B096GCXLJL/ref=sr_1_43?keywords=ps4+games&qid=1646857942&sr=8-43
Assassin’s Creed: The Ezio Collection (PS4),"1,299","₹1,299",4.5 out of 5 stars,https://www.amazon.com//Assassins-Creed-Ezio-Collection-PS4/dp/B01N8REF82/ref=sr_1_44?keywords=ps4+games&qid=1646857942&sr=8-44
PS4 watch dogs legion (PS4),"1,489","₹1,489",4.5 out of 5 stars,https://www.amazon.com//UBI-Soft-E3_2019_Placeholder15-watch-legion/dp/B07SH36GRX/ref=sr_1_45?keywords=ps4+games&qid=1646857942&sr=8-45
WB Games Hitman 2 (PS4),"1,229","₹1,229",4.3 out of 5 stars,https://www.amazon.com//WB-Games-Hitman-2-PS4/dp/B07DW7VTD2/ref=sr_1_46?keywords=ps4+games&qid=1646857942&sr=8-46
Mafia: Trilogy (PS4),"2,649","₹2,649",4.5 out of 5 stars,https://www.amazon.com//2K-Games-Mafia-Trilogy-PS4/dp/B089H44M8V/ref=sr_1_47?keywords=ps4+games&qid=1646857942&sr=8-47
Cars 3: Driven to Win (PS4),"1,340","₹1,340",4.1 out of 5 stars,https://www.amazon.com//Cars-3-Driven-Win-PS4/dp/B072125M4Q/ref=sr_1_48?keywords=ps4+games&qid=1646857942&sr=8-48
Marvel's Spider Man (PS4),"1,449","₹1,449",4.6 out of 5 stars,https://www.amazon.com//Sony-195229-Marvels-Spider-Man/dp/B07CR4GQD3/ref=sr_1_49?keywords=ps4+games&qid=1646857946&sr=8-49
Sony Days Gone - (PS4).,"1,459","₹1,459",4.4 out of 5 stars,https://www.amazon.com//Sony-GVS09Z0-Days-Gone-PS4/dp/B01GVS09Z0/ref=sr_1_50?keywords=ps4+games&qid=1646857946&sr=8-50
Sony PS4 Gran Turismo: Sport (PS4),649,₹649,4.2 out of 5 stars,https://www.amazon.com//PS4-Gran-Turismo-Sport/dp/B07YQ76G6M/ref=sr_1_51?keywords=ps4+games&qid=1646857946&sr=8-51
Marvel's Guardians of the Galaxy (PS4),"3,188","₹3,188",4.5 out of 5 stars,https://www.amazon.com//Square-Enix-Marvels-Guardians-Galaxy/dp/B097J92M1F/ref=sr_1_52?keywords=ps4+games&qid=1646857946&sr=8-52
Rise of the Tomb Raider - 20 Year Celebration (PS4),982,₹982,4.5 out of 5 stars,https://www.amazon.com//Rise-Tomb-Raider-Year-Celebration/dp/B01MDKLX4M/ref=sr_1_53?keywords=ps4+games&qid=1646857946&sr=8-53
Ace Combat 7 : Skies Unknown (PS4),"1,499","₹1,499",4.5 out of 5 stars,https://www.amazon.com//Ace-Combat-7-Skies-PS4/dp/B07MQ6JSBC/ref=sr_1_54?keywords=ps4+games&qid=1646857946&sr=8-54
Capcom Devil May Cry 5 (PS4),"1,450","₹1,450",4.4 out of 5 stars,https://www.amazon.com//Devil-May-Cry-5-PS4/dp/B07DRSF215/ref=sr_1_55?keywords=ps4+games&qid=1646857946&sr=8-55
UBI Soft Tom Clancy's Ghost Recon: Wildlands (PS4),"1,129","₹1,129",4.3 out of 5 stars,https://www.amazon.com//Tom-Clancys-Ghost-Recon-Wildlands/dp/B010UR9SLO/ref=sr_1_56?keywords=ps4+games&qid=1646857946&sr=8-56
The Crew 2 (PS4),"1,129","₹1,129",4.2 out of 5 stars,https://www.amazon.com//UBI-Soft-The-Crew-PS4/dp/B078HCG2FT/ref=sr_1_57?keywords=ps4+games&qid=1646857946&sr=8-57
Sony PS4 Minecraft Bedrock Ed. (PS4),"1,499","₹1,499",4.4 out of 5 stars,https://www.amazon.com//PS4-Minecraft-Bedrock-Ed/dp/B082KW6F8Z/ref=sr_1_58?keywords=ps4+games&qid=1646857946&sr=8-58
Mortal Kombat 11: Ultimate Edition (Free PS5 Upgrade),"1,889","₹1,889",4.6 out of 5 stars,https://www.amazon.com//Mortal-Kombat-11-Ultimate-Upgrade/dp/B08LLS8T3M/ref=sr_1_59?keywords=ps4+games&qid=1646857946&sr=8-59
Electronic Arts Titanfall 2 (PS4),692,₹692,4.4 out of 5 stars,https://www.amazon.com//Electronic-Arts-193514-Titanfall-PS4/dp/B01C8MQP6A/ref=sr_1_60?keywords=ps4+games&qid=1646857946&sr=8-60
Sony God of War (PS4),989,₹989,4.6 out of 5 stars,https://www.amazon.com//Sony-3001886-God-War-PS4/dp/B01GW8XOY2/ref=sr_1_61?keywords=ps4+games&qid=1646857946&sr=8-61
PS4 Nioh 2 - Special Edition (PS4),"1,882","₹1,882",4.4 out of 5 stars,https://www.amazon.com//PS4-Nioh-2-Special/dp/B085SC7VNS/ref=sr_1_62?keywords=ps4+games&qid=1646857946&sr=8-62
Shadow of the Tomb Raider Definitive Edition (PS4),"1,289","₹1,289",4.6 out of 5 stars,https://www.amazon.com//Shadow-Tomb-Raider-Definitive-PS4/dp/B0813CSZPK/ref=sr_1_63?keywords=ps4+games&qid=1646857946&sr=8-63
Assassin's Creed Origins (PS4),"1,100","₹1,100",4.5 out of 5 stars,https://www.amazon.com//UBI-Soft-Assassins-Creed-Origins/dp/B074MJ7BFX/ref=sr_1_64?keywords=ps4+games&qid=1646857946&sr=8-64
Assassin's Creed Valhalla Drakkar Edition (Free PS5 Upgrade),"2,345","₹2,345",4.5 out of 5 stars,https://www.amazon.com//Assassins-Creed-Valhalla-Drakkar-PS4/dp/B0894KKNVL/ref=sr_1_65?keywords=ps4+games&qid=1646857952&sr=8-65
Far Cry 6 Yara Edition (PS4),"3,189","₹3,189",4.5 out of 5 stars,https://www.amazon.com//Far-Cry-6-Yara-PS4/dp/B08D6WJQFG/ref=sr_1_66?keywords=ps4+games&qid=1646857952&sr=8-66
FIFA 21 Standard Edition (Free PS5 Upgrade),"1,299","₹1,299",4.5 out of 5 stars,https://www.amazon.com//FIFA-21-Standard-Edition-PS4/dp/B08BJ6LMMN/ref=sr_1_67?keywords=ps4+games&qid=1646857952&sr=8-67
Uncharted -The Nathan Drake Collection 3 in 1 (PS4),979,₹979,4.6 out of 5 stars,https://www.amazon.com//Uncharted-Nathan-Drake-Collection-PS4/dp/B00KJFDSJQ/ref=sr_1_68?keywords=ps4+games&qid=1646857952&sr=8-68
Resident Evil 3 Remake (PS4),"1,955","₹1,955",4.3 out of 5 stars,https://www.amazon.com//Resident-Evil-3-Remake-PS4/dp/B082P5LJDX/ref=sr_1_69?keywords=ps4+games&qid=1646857952&sr=8-69
Square Enix Shadow of the Tomb Raider (PS4),"1,125","₹1,125",4.4 out of 5 stars,https://www.amazon.com//Square-Enix-Shadow-Tomb-Raider/dp/B07CTX3PH6/ref=sr_1_70?keywords=ps4+games&qid=1646857952&sr=8-70
ACTIVISION Call of Duty: Black Ops 4 - Standard Edition (PS4),"1,276","₹1,276",3.3 out of 5 stars,https://www.amazon.com//Call-Duty-Black-Ops-Standard/dp/B07FX14DLX/ref=sr_1_71?keywords=ps4+games&qid=1646857952&sr=8-71
Batman Arkham Collection (PS4),"1,799","₹1,799",4.5 out of 5 stars,https://www.amazon.com//WB-Games-Batman-Arkham-Collection/dp/B0842LZBN5/ref=sr_1_72?keywords=ps4+games&qid=1646857952&sr=8-72
Capcom Resident Evil 2 (PS4),"1,589","₹1,589",4.3 out of 5 stars,https://www.amazon.com//Resident-Evil-2-Remake-PS4/dp/B07DWMN718/ref=sr_1_73?keywords=ps4+games&qid=1646857952&sr=8-73
WWE 2K Battlegrounds (PS4),783,₹783,4.1 out of 5 stars,https://www.amazon.com//2K-Games-WWE-Battlegrounds-PS4/dp/B08CRYFKPK/ref=sr_1_74?keywords=ps4+games&qid=1646857952&sr=8-74
Naruto Shippuden - Ultimate Ninja Storm 4: Road to Boruto (PS4),"1,540","₹1,540",4.5 out of 5 stars,https://www.amazon.com//Naruto-Shippuden-Ultimate-Ninja-Boruto/dp/B01MZ5TD39/ref=sr_1_75?keywords=ps4+games&qid=1646857952&sr=8-75
Naruto Shippūden: Ultimate Ninja Storm 4 (PS4),"1,940","₹1,940",4.5 out of 5 stars,https://www.amazon.com//Naruto-Shipp%C5%ABden-Ultimate-Ninja-Storm/dp/B019W7VDLG/ref=sr_1_76?keywords=ps4+games&qid=1646857952&sr=8-76
WWE 2K20 - PS4,"1,499","₹1,499",3.7 out of 5 stars,https://www.amazon.com//2K-GAMES-WWE-2K20-PS4/dp/B08NF3HJRH/ref=sr_1_77?keywords=ps4+games&qid=1646857952&sr=8-77
Dying Light 2 (PS4),"3,999","₹3,999",4.4 out of 5 stars,https://www.amazon.com//Techland-Dying-Light-2-PS4/dp/B09DGV8JMD/ref=sr_1_78?keywords=ps4+games&qid=1646857952&sr=8-78
Star Wars Jedi: Fallen Order (PS4),"1,589","₹1,589",4.6 out of 5 stars,https://www.amazon.com//Star-Wars-Jedi-Fallen-Order/dp/B07QN7HVMH/ref=sr_1_79?keywords=ps4+games&qid=1646857952&sr=8-79
God of War Remastered - Hits (PS4),889,₹889,4.7 out of 5 stars,https://www.amazon.com//God-War-Remastered-Hits-PS4/dp/B07TW6ZD3M/ref=sr_1_80?keywords=ps4+games&qid=1646857952&sr=8-80
Sony PS4 Death Stranding (PS4),"1,599","₹1,599",4.5 out of 5 stars,https://www.amazon.com//SIEE-025626-001-PS4-Death-Stranding/dp/B07V7KV81S/ref=sr_1_81?keywords=ps4+games&qid=1646857960&sr=8-81
Dragon Ball Z: Kakarot (PS4),"2,199","₹2,199",4.3 out of 5 stars,https://www.amazon.com//Dragon-Ball-Z-Kakarot-PS4/dp/B082Z184RP/ref=sr_1_82?keywords=ps4+games&qid=1646857960&sr=8-82
Big Bash Boom (PS4),379,₹379,3.4 out of 5 stars,https://www.amazon.com//Big-Ant-Studios-Bash-Boom/dp/B082P5L2C9/ref=sr_1_83?keywords=ps4+games&qid=1646857960&sr=8-83
PS4 Marvel's Spider-Man: Miles Morales (PS4)&Thrustmaster T-16000M FCS | Fight Game Controller | Joystick | PC,"8,272","₹8,272",,https://www.amazon.com//PS4-Marvels-Spider-Man-Thrustmaster-Controller/dp/B0982P95P4/ref=sr_1_84?keywords=ps4+games&qid=1646857960&sr=8-84
LEGO: Marvel Avengers (PS4),"1,299","₹1,299",3.8 out of 5 stars,https://www.amazon.com//Warner-Bros-LEGO-Marvel-Avengers/dp/B010UR9I2S/ref=sr_1_85?keywords=ps4+games&qid=1646857960&sr=8-85
Rider's Republic Freeride Edition (PS4),"3,999","₹3,999",3.8 out of 5 stars,https://www.amazon.com//Riders-Republic-Freeride-Free-Upgrade/dp/B08KG4DMQC/ref=sr_1_86?keywords=ps4+games&qid=1646857960&sr=8-86
Jump Force (PS4),"1,589","₹1,589",4.5 out of 5 stars,https://www.amazon.com//Namco-Jump-Force-PS4/dp/B07MQ6L4Q3/ref=sr_1_87?keywords=ps4+games&qid=1646857960&sr=8-87
efootball PES 2021 Season Update (PS4),"1,180","₹1,180",4.2 out of 5 stars,https://www.amazon.com//efootball-PES-2021-Season-Update/dp/B08D85LJ77/ref=sr_1_88?keywords=ps4+games&qid=1646857960&sr=8-88
Ratchet and Clank (PS4),"1,713","₹1,713",4.5 out of 5 stars,https://www.amazon.com//STAR-WARS-Jedi-Fallen-Order/dp/B07W7KV12B/ref=sr_1_89?keywords=ps4+games&qid=1646857960&sr=8-89
Bloodborn Hits (PS4),579,₹579,4.4 out of 5 stars,https://www.amazon.com//Sony-165583-Ratchet-and-Clank/dp/B01EADW29E/ref=sr_1_90?keywords=ps4+games&qid=1646857960&sr=8-90
Doom Eternal (Free PS5 Upgrade),898,₹898,4.4 out of 5 stars,https://www.amazon.com//Sony-CUSA-00207-H-Bloodborn/dp/B07GQ38L35/ref=sr_1_91?keywords=ps4+games&qid=1646857960&sr=8-91
God of War Remastered (PS4),"1,988","₹1,988",4.5 out of 5 stars,https://www.amazon.com//Bethesda-Doom-Eternal-PS4/dp/B07DRS8C91/ref=sr_1_92?keywords=ps4+games&qid=1646857960&sr=8-92
Grand Theft Auto: The Trilogy - The Definitive Edition (PS4),889,₹889,4.5 out of 5 stars,https://www.amazon.com//God-of-War-Remastered-PS4/dp/B00YORZL4A/ref=sr_1_93?keywords=ps4+games&qid=1646857960&sr=8-93
Marvel's Spider Man (PS4) - Game of the Year Edition (PS4) + Grand Theft Auto V – Premium,"3,499","₹3,499",3.7 out of 5 stars,https://www.amazon.com//Grand-Theft-Auto-Trilogy-Definitive/dp/B09MDJD84W/ref=sr_1_94?keywords=ps4+games&qid=1646857960&sr=8-94
Battlefield 1 (PS4),"2,850","₹2,850",4.0 out of 5 stars,https://www.amazon.com//Marvels-Spider-Man-PS4-Premium/dp/B08JMN66YH/ref=sr_1_95?keywords=ps4+games&qid=1646857960&sr=8-95
UFC 3 (PS4),920,₹920,4.3 out of 5 stars,https://www.amazon.com//Electronic-Arts-Battlefield-1-PS4/dp/B01FH6YI9A/ref=sr_1_96?keywords=ps4+games&qid=1646857960&sr=8-96
Bloodborne - Game of the Year Edition (PS4),"1,710","₹1,710",4.2 out of 5 stars,https://www.amazon.com//Electronic-Arts-220753-UFC-PS4/dp/B0777SJJ4V/ref=sr_1_97?keywords=ps4+games&qid=1646857968&sr=8-97
Crash Team Racing - Nitro Fueled (PS4),"1,449","₹1,449",4.5 out of 5 stars,https://www.amazon.com//Sony-179746-Bloodborne-Game-Year/dp/B018209X7U/ref=sr_1_98?keywords=ps4+games&qid=1646857968&sr=8-98
Mad Max (PS4),"2,600","₹2,600",4.6 out of 5 stars,https://www.amazon.com//Crash-Team-Racing-Nitro-Fueled/dp/B07L4F8LJW/ref=sr_1_99?keywords=ps4+games&qid=1646857968&sr=8-99
Batman Arkham Knight (PS4),"1,197","₹1,197",4.4 out of 5 stars,https://www.amazon.com//Warner-Bros-Mad-Max-PS4/dp/B00I3ZX5II/ref=sr_1_100?keywords=ps4+games&qid=1646857968&sr=8-100
Dragon Ball Fighter Z (PS4),"1,249","₹1,249",4.5 out of 5 stars,https://www.amazon.com//Warner-Bros-Batman-Arkham-Knight/dp/B00IXHF9DU/ref=sr_1_101?keywords=ps4+games&qid=1646857968&sr=8-101
Don Bradman Cricket 17 (Ps4),"1,344","₹1,344",4.2 out of 5 stars,https://www.amazon.com//Dragon-Ball-Fighter-Z-PS4/dp/B0791B6SBK/ref=sr_1_102?keywords=ps4+games&qid=1646857968&sr=8-102
Red Dead Redemption - 2 (PS4)&The Last of US Hit (PS4),"1,864","₹1,864",3.9 out of 5 stars,https://www.amazon.com//Don-Bradman-Cricket-17-Ps4/dp/B01MXMG1A9/ref=sr_1_103?keywords=ps4+games&qid=1646857968&sr=8-103
Watch Dogs (PS4),"2,958","₹2,958",5.0 out of 5 stars,https://www.amazon.com//Red-Dead-Redemption-PS4-Last/dp/B08NRPRXP1/ref=sr_1_104?keywords=ps4+games&qid=1646857968&sr=8-104
Assassin's Creed: Syndicate (PS4),"1,067","₹1,067",4.3 out of 5 stars,https://www.amazon.com//UBI-Soft-Watch-Dogs-PS4/dp/B00ION7JD6/ref=sr_1_105?keywords=ps4+games&qid=1646857968&sr=8-105
Mass Effect - Andromeda (PS4),"1,070","₹1,070",4.4 out of 5 stars,https://www.amazon.com//UBI-Soft-Assassins-Creed-Syndicate/dp/B00YS59W8O/ref=sr_1_106?keywords=ps4+games&qid=1646857968&sr=8-106
LEGO Marvel Super Heroes (PS4),770,₹770,3.9 out of 5 stars,https://www.amazon.com//Electronic-Arts-167104-Mass-Effect/dp/B00KHJLLB6/ref=sr_1_107?keywords=ps4+games&qid=1646857968&sr=8-107
It Takes Two (PS4),"1,490","₹1,490",4.5 out of 5 stars,https://www.amazon.com//LEGO-Marvel-Super-Heroes-PS4/dp/B00DUARBTA/ref=sr_1_108?keywords=ps4+games&qid=1646857968&sr=8-108
Shadow of the Colossus (PS4),"2,890","₹2,890",4.5 out of 5 stars,https://www.amazon.com//Electronic-Arts-Takes-Two-PS4/dp/B09BRNLHS2/ref=sr_1_109?keywords=ps4+games&qid=1646857968&sr=8-109
Ratchet & Clank (PS4),"1,139","₹1,139",4.4 out of 5 stars,https://www.amazon.com//Shadow-of-the-Colossus-PS4/dp/B079MVFRGH/ref=sr_1_110?keywords=ps4+games&qid=1646857968&sr=8-110
Destiny 2 (PS4),559,₹559,4.0 out of 5 stars,https://www.amazon.com//null-Ratchet-Clank-PS4/dp/B01IABGUOA/ref=sr_1_111?keywords=ps4+games&qid=1646857968&sr=8-111
LEGO Batman 3: Beyond Gotham (PS4),465,₹465,3.4 out of 5 stars,https://www.amazon.com//ACTIVISION-88094UK-Destiny-2-PS4/dp/B06XTRJG7L/ref=sr_1_112?keywords=ps4+games&qid=1646857968&sr=8-112
WWE 2K22 (PS4),"1,299","₹1,299",4.1 out of 5 stars,https://www.amazon.com//LEGO-Batman-Beyond-Gotham-PS4/dp/B00L8XUIP0/ref=sr_1_113?keywords=ps4+games&qid=1646857978&sr=8-113
Naruto Shippuden: Ultimate Ninja Storm 4 - Road to Boruto forPlayStation 4,"3,999","₹3,999",,https://www.amazon.com//2K-GAMES-maroon-1-PS4/dp/B098TZC9N8/ref=sr_1_114?keywords=ps4+games&qid=1646857978&sr=8-114
Detroit: Become Human (PS4),"1,755","₹1,755",4.7 out of 5 stars,https://www.amazon.com//Naruto-Shippuden-Ultimate-Boruto-forPlayStation/dp/B01MD2BVE7/ref=sr_1_115?keywords=ps4+games&qid=1646857978&sr=8-115
UFC 4 (PS4),"1,149","₹1,149",4.5 out of 5 stars,https://www.amazon.com//Sony-180853-Detroit-Become-Human/dp/B07CR3QKQL/ref=sr_1_117?keywords=ps4+games&qid=1646857978&sr=8-117
Batman: Arkham Knight (PS4),"2,399","₹2,399",4.4 out of 5 stars,https://www.amazon.com//Electronic-Arts-UFC-4-PS4/dp/B08CRZBY99/ref=sr_1_118?keywords=ps4+games&qid=1646857978&sr=8-118
EA Sports FIFA 18 (PS4),"1,249","₹1,249",4.6 out of 5 stars,https://www.amazon.com//Warner-Bros-5051892170543-Batman-Arkham/dp/B00IS6S7SU/ref=sr_1_119?keywords=ps4+games&qid=1646857978&sr=8-119
Hitman 3 (PS4),449,₹449,3.9 out of 5 stars,https://www.amazon.com//EA-Sports-FIFA-18-PS4/dp/B07771ZN1Z/ref=sr_1_120?keywords=ps4+games&qid=1646857978&sr=8-120
Bandai Tekken 7 PS4 - PlayStation 4 Standard Edition (PS4),"2,499","₹2,499",4.2 out of 5 stars,https://www.amazon.com//Square-Enix-Hitman-3-PS4/dp/B08P5Y3V2Q/ref=sr_1_121?keywords=ps4+games&qid=1646857978&sr=8-121
Grand Theft Auto V – Premium,"1,266","₹1,266",4.4 out of 5 stars,https://www.amazon.com//Namco-722674120678-Tekken-PS4-PlayStation/dp/B071VJFGN4/ref=sr_1_122?keywords=ps4+games&qid=1646857978&sr=8-122
F1 2020 Seventy Edition (PS4),"1,556","₹1,556",4.5 out of 5 stars,https://www.amazon.com//Grand-Theft-Auto-V-PS4/dp/B00L8XUDIC/ref=sr_1_123?keywords=ps4+games&qid=1646857978&sr=8-123
Horizon Zero Dawn (PS4),"2,999","₹2,999",4.4 out of 5 stars,https://www.amazon.com//F1-2020-Seventy-Edition-PS4/dp/B088C7D8SC/ref=sr_1_124?keywords=ps4+games&qid=1646857978&sr=8-124
The Witcher 3: Wild Hunt - Game of the Year Edition (Free PS5 Upgrade),800,₹800,4.5 out of 5 stars,https://www.amazon.com//Sony-217769-Horizon-Zero-Dawn/dp/B06VV22K8R/ref=sr_1_125?keywords=ps4+games&qid=1646857978&sr=8-125
Batman Return to Arkham (PS4),"1,599","₹1,599",4.5 out of 5 stars,https://www.amazon.com//Witcher-Wild-Hunt-Game-Year/dp/B01KZ2GY7A/ref=sr_1_126?keywords=ps4+games&qid=1646857978&sr=8-126
ACTIVISION CALL OF DUTY BLACK OPS IIII (PS4),"1,599","₹1,599",4.4 out of 5 stars,https://www.amazon.com//Batman-Return-to-Arkham-PS4/dp/B01GA43TWU/ref=sr_1_127?keywords=ps4+games&qid=1646857978&sr=8-127
PS4 Marvel's Spider-Man: Miles Morales (PS4)&Moga XP5-A Plus Bluetooth Controller,"1,129","₹1,129",4.3 out of 5 stars,https://www.amazon.com//CALL-DUTY-BLACK-OPS-IIII/dp/B07HYBZ427/ref=sr_1_128?keywords=ps4+games&qid=1646857978&sr=8-128
PS4 Gran Turismo 7 Standard Edition (PS4),"6,495","₹6,495",,https://www.amazon.com//PS4-Marvels-Spider-Man-XP5-Controller/dp/B0982P8N49/ref=sr_1_129?keywords=ps4+games&qid=1646857987&sr=8-129
Marvel's Spider Man (PS4) - Game of the Year Edition (PS4) & Horizon: Zero Dawn - Complete Edition (PS4),"3,853","₹3,853",,https://www.amazon.com//PS4-Gran-Turismo-Standard/dp/B09GVJFSBF/ref=sr_1_130?keywords=ps4+games&qid=1646857987&sr=8-130
Fortnite: Minty Legends Pack (PS4),"2,033","₹2,033",4.8 out of 5 stars,https://www.amazon.com//Marvels-Spider-Man-PS4-Complete/dp/B0883FZTLR/ref=sr_1_131?keywords=ps4+games&qid=1646857987&sr=8-131
Marvel's Spider Man (PS4) - Game of the Year Edition (PS4)&Hitman 2 (PS4),"2,257","₹2,257",5.0 out of 5 stars,https://www.amazon.com//Fortnite-Minty-Legends-Pack-PS4/dp/B09KLLFMSR/ref=sr_1_132?keywords=ps4+games&qid=1646857987&sr=8-132
"Bluehole, Inc./SIEE PUBG - PLAYERUNKNOWN'S BATTLEGROUNDS (PS4)- Playstation PLUS Required","2,523","₹2,523",3.0 out of 5 stars,https://www.amazon.com//Marvels-Spider-Man-PS4-Hitman/dp/B08NR5Z84L/ref=sr_1_133?keywords=ps4+games&qid=1646857987&sr=8-133
Alan Wake Remastered (PS4),"1,173","₹1,173",3.4 out of 5 stars,https://www.amazon.com//PUBG-PLAYERUNKNOWNS-BATTLEGROUNDS-Playstation-Required/dp/B07KWC6B87/ref=sr_1_134?keywords=ps4+games&qid=1646857987&sr=8-134
Assassin's Creed IV: Black Flag (PS4),"2,257","₹2,257",5.0 out of 5 stars,https://www.amazon.com//U-I-Entertainment-Alan-Remastered/dp/B09GKM8VXT/ref=sr_1_135?keywords=ps4+games&qid=1646857987&sr=8-135
Dishonored 2 (PS4),"1,099","₹1,099",4.5 out of 5 stars,https://www.amazon.com//Assassins-Creed-IV-Black-Flag/dp/B00I2ORWZM/ref=sr_1_136?keywords=ps4+games&qid=1646857987&sr=8-136
God Of War - PlayStation Hits (PS4) (PS4),873,₹873,4.4 out of 5 stars,https://www.amazon.com//Bethesda-Dishonored-2-PS4/dp/B01GA43S5S/ref=sr_1_137?keywords=ps4+games&qid=1646857987&sr=8-137
Far Cry 4 (PS4),499,₹499,3.0 out of 5 stars,https://www.amazon.com//Electronic-Arts-Anthem-PS4/dp/B07DVV7WHP/ref=sr_1_138?keywords=ps4+games&qid=1646857987&sr=8-138
PS4 Dragon Age Inquisition (PS4),999,₹999,4.8 out of 5 stars,https://www.amazon.com//God-War-PlayStation-Hits-PS4/dp/B07XZH9B3H/ref=sr_1_139?keywords=ps4+games&qid=1646857987&sr=8-139
Until Dawn Hits (PS4),"1,124","₹1,124",4.4 out of 5 stars,https://www.amazon.com//UBI-Soft-PS4-Far-Cry/dp/B00L8XUB1G/ref=sr_1_140?keywords=ps4+games&qid=1646857987&sr=8-140
Street Fighter - 30th Anniversary Collection (PS4),"1,275","₹1,275",4.3 out of 5 stars,https://www.amazon.com//81551-Dragon-Age-Inquisition-PS4/dp/B00JXFXL7W/ref=sr_1_141?keywords=ps4+games&qid=1646857987&sr=8-141
Resident Evil 7: Biohazard - VR Compatible - Playstation Hits (PS4),999,₹999,4.5 out of 5 stars,https://www.amazon.com//Sony-Until-Dawan-Hits-PS4/dp/B07M9LBZGS/ref=sr_1_142?keywords=ps4+games&qid=1646857987&sr=8-142
Need for Speed Hot Pursuit Remastered (PS4),"1,299","₹1,299",3.9 out of 5 stars,https://www.amazon.com//Street-Fighter-30th-Anniversary-Collection/dp/B07CJFYYK6/ref=sr_1_143?keywords=ps4+games&qid=1646857987&sr=8-143
Horizon Zero Dawn: Complete Edition Ps4 Playstation 4 Game,"1,189","₹1,189",4.6 out of 5 stars,https://www.amazon.com//Resident-Evil-Biohazard-Compatible-Playstation/dp/B07TQNC5L2/ref=sr_1_144?keywords=ps4+games&qid=1646857987&sr=8-144
Star Wars Battlefront 2 (PS4),"1,450","₹1,450",4.1 out of 5 stars,https://www.amazon.com//Need-Speed-Hot-Pursuit-Remastered/dp/B08LLRYTQH/ref=sr_1_145?keywords=ps4+games&qid=1646858004&sr=8-145
Middle-Earth: Shadow Of War - PlayStation 4,739,₹739,4.4 out of 5 stars,https://www.amazon.com//Horizon-Zero-Dawn-Complete-Playstation/dp/B077SBGNXH/ref=sr_1_146?keywords=ps4+games&qid=1646858004&sr=8-146
Middle-Earth: Shadow of War - Silver Edition (PS4),"1,790","₹1,790",4.3 out of 5 stars,https://www.amazon.com//Star-Wars-Battlefront-2-PS4/dp/B0725B8HYC/ref=sr_1_147?keywords=ps4+games&qid=1646858004&sr=8-147
Xcom 2 (PS4),747,₹747,4.2 out of 5 stars,https://www.amazon.com//Middle-Earth-Shadow-War-PlayStation-4/dp/B06WWDVBKT/ref=sr_1_148?keywords=ps4+games&qid=1646858004&sr=8-148
Electronic Arts Fifa 19 (PS4),"1,490","₹1,490",4.6 out of 5 stars,https://www.amazon.com//Middle-Earth-Shadow-War-Silver-PS4/dp/B07673TVBZ/ref=sr_1_149?keywords=ps4+games&qid=1646858004&sr=8-149
PS4 TENNIS WORLD TOUR (PS4),698,₹698,3.7 out of 5 stars,https://www.amazon.com//2K-Games-Xcom-2-PS4/dp/B01H3PRC3M/ref=sr_1_150?keywords=ps4+games&qid=1646858004&sr=8-150
Tom Clancy's: Rainbow Six Siege (PS4),599,₹599,4.4 out of 5 stars,https://www.amazon.com//Electronic-Arts-Fifa19SEPS4-Fifa-PS4/dp/B07DVWWF44/ref=sr_1_151?keywords=ps4+games&qid=1646858004&sr=8-151
Knack 2 (PS4),"1,840","₹1,840",3.8 out of 5 stars,https://www.amazon.com//TWT-PS4-Tennis-World-Tour-PS4/dp/B07BTR2X1C/ref=sr_1_152?keywords=ps4+games&qid=1646858004&sr=8-152
Project Cars 3 (PS4),"1,299","₹1,299",3.9 out of 5 stars,https://www.amazon.com//Lego-Marvel-Super-Heroes-PS4/dp/B00HO77KXC/ref=sr_1_153?keywords=ps4+games&qid=1646858004&sr=8-153
Scribblenauts Showdown (PS4),929,₹929,4.1 out of 5 stars,https://www.amazon.com//Tom-Clancys-Rainbow-Six-Siege/dp/B00YGK7HBU/ref=sr_1_154?keywords=ps4+games&qid=1646858004&sr=8-154
Tom Clancy's: The Division (PS4),"1,490","₹1,490",4.3 out of 5 stars,https://www.amazon.com//SIEE-220419-Knack-2-PS4/dp/B075FC697R/ref=sr_1_155?keywords=ps4+games&qid=1646858004&sr=8-155
Uncharted Collection Hits (PS4)&Uncharted 4: A Thief's End Playstation Hits (PS4) - Newer Version,"1,790","₹1,790",3.7 out of 5 stars,https://www.amazon.com//Namco-Project-Cars-3-PS4/dp/B08D85XNSX/ref=sr_1_156?keywords=ps4+games&qid=1646858004&sr=8-156
Call of Duty: Advanced Warfare (PS4),699,₹699,,https://www.amazon.com//WB-Games-Scribblenauts-Showdown-PS4/dp/B079Q35KKF/ref=sr_1_157?keywords=ps4+games&qid=1646858004&sr=8-157
EA Sports FIFA 18 (PS4)&WWE 2K20 (PS4),799,₹799,4.0 out of 5 stars,https://www.amazon.com//Tom-Clancys-The-Division-PS4/dp/B00IPD5G80/ref=sr_1_158?keywords=ps4+games&qid=1646858004&sr=8-158
Metal Gear Solid V: The Definitive Experience (PS4),"1,978","₹1,978",4.8 out of 5 stars,https://www.amazon.com//Uncharted-Collection-Hits-PS4-Playstation/dp/B08D3QR7V6/ref=sr_1_159?keywords=ps4+games&qid=1646858004&sr=8-159
Disney Classic Games: Definitive Edition (PS4),"2,299","₹2,299",4.5 out of 5 stars,https://www.amazon.com//Call-Duty-Advanced-Warfare-PS4/dp/B00MO6ZHV0/ref=sr_1_160?keywords=ps4+games&qid=1646858004&sr=8-160
Project Cars 2 (PS4),"2,230","₹2,230",3.7 out of 5 stars,https://www.amazon.com//Sports-FIFA-PS4-WWE-2K20/dp/B08NTVJW5D/ref=sr_1_161?keywords=ps4+games&qid=1646858016&sr=8-161
Mafia 3 (PS4),"1,449","₹1,449",4.4 out of 5 stars,https://www.amazon.com//Metal-Gear-Solid-Definitive-Experience/dp/B01LZGLB9E/ref=sr_1_162?keywords=ps4+games&qid=1646858016&sr=8-162
LEGO Marvel Super Heroes 2 (PS4),"2,399","₹2,399",,https://www.amazon.com//Disney-Classic-Games-Definitive-PS4/dp/B09MDL2B9M/ref=sr_1_163?keywords=ps4+games&qid=1646858016&sr=8-163
Mirror's Edge Catalyst (PS4),939,₹939,3.8 out of 5 stars,https://www.amazon.com//Namco-Project-Cars-2-PS4/dp/B0754VP2VS/ref=sr_1_164?keywords=ps4+games&qid=1646858016&sr=8-164
Pro Evolution Soccer 2020 (PS4),"1,288","₹1,288",4.0 out of 5 stars,https://www.amazon.com//2K-Games-Mafia-3-PS4/dp/B01F1WY40S/ref=sr_1_165?keywords=ps4+games&qid=1646858016&sr=8-165
Control (PS4),"1,485","₹1,485",4.4 out of 5 stars,https://www.amazon.com//LEGO-Marvel-Super-Heroes-PS4/dp/B074MJ7BG3/ref=sr_1_166?keywords=ps4+games&qid=1646858016&sr=8-166
PUBG - PLAYERUNKNOWN'S BATTLEGROUNDS (PS4)- Playstation PLUS Required&PowerA Enhanced Wired Controller for Xbox – Mist,649,₹649,4.3 out of 5 stars,https://www.amazon.com//Electronic-Arts-1026516-Mirrors-Catalyst/dp/B00D781M0E/ref=sr_1_168?keywords=ps4+games&qid=1646858016&sr=8-168
Far Cry 5 (PS4)&Grand Theft Auto V - Premium Edition (PS4),999,₹999,4.5 out of 5 stars,https://www.amazon.com//Konami-225056-eFootball-PES-2020/dp/B07VG8Y9C7/ref=sr_1_169?keywords=ps4+games&qid=1646858016&sr=8-169
Lego Movie 2 The VideoGame (PS4),"2,049","₹2,049",4.4 out of 5 stars,https://www.amazon.com//505-Games-Control-PS4/dp/B07Q6ZKZZW/ref=sr_1_170?keywords=ps4+games&qid=1646858016&sr=8-170
Minecraft Dungeons Hero Edition (PS4),"3,794","₹3,794",,https://www.amazon.com//PUBG-PLAYERUNKNOWNS-BATTLEGROUNDS-Playstation-Controller/dp/B0982P7VZQ/ref=sr_1_171?keywords=ps4+games&qid=1646858016&sr=8-171
Zombieland: Double Tap (PS4),"2,928","₹2,928",,https://www.amazon.com//Far-Cry-Grand-Theft-Auto/dp/B08NTWF9R1/ref=sr_1_172?keywords=ps4+games&qid=1646858016&sr=8-172
PlayStation PlayLink Series: That's You (PS4),"1,775","₹1,775",4.6 out of 5 stars,https://www.amazon.com//Lego-Movie-2-VideoGame-PS4/dp/B07MJCGVVW/ref=sr_1_173?keywords=ps4+games&qid=1646858016&sr=8-173
Shadow of the Tomb Raider (PS4)&Marvel's Spider Man (PS4) - Game of the Year Edition (PS4),"2,240","₹2,240",4.2 out of 5 stars,https://www.amazon.com//Minecraft-Dungeons-Hero-Edition-PS4/dp/B08HZB61Q6/ref=sr_1_174?keywords=ps4+games&qid=1646858016&sr=8-174
Star Wars : Squadrons (PS4),593,₹593,,https://www.amazon.com//Maximum-Games-Zombieland-Double-Tap/dp/B07Y5KJ7BW/ref=sr_1_175?keywords=ps4+games&qid=1646858016&sr=8-175
Far Cry: Primal (PS4),415,₹415,3.5 out of 5 stars,https://www.amazon.com//PlayStation-PlayLink-Thats-You-PS4/dp/B073QS3FSR/ref=sr_1_176?keywords=ps4+games&qid=1646858016&sr=8-176
Watch Dogs: Legion Resistance Edition (Free PS5 Upgrade),"2,584","₹2,584",,https://www.amazon.com//Shadow-Tomb-Raider-Marvels-Spider/dp/B08NTWQ9X4/ref=sr_1_177?keywords=ps4+games&qid=1646858019&sr=8-177
Deus Ex: Mankind Divided - Day One Edition Game Addicts (PS4),"1,760","₹1,760",3.8 out of 5 stars,https://www.amazon.com//Electronic-Arts-Star-Wars-Squadrons/dp/B08C3FHHQT/ref=sr_1_178?keywords=ps4+games&qid=1646858019&sr=8-178
Metro Exodus (PS4),"1,590","₹1,590",4.5 out of 5 stars,https://www.amazon.com//Ubisoft-Far-Cry-Primal-Ps4/dp/B076R8TRQX/ref=sr_1_179?keywords=ps4+games&qid=1646858019&sr=8-179
Fallout 76 (PS4),"1,875","₹1,875",4.5 out of 5 stars,https://www.amazon.com//UBI-Soft-Watch-Dogs-Legion/dp/B07YVW2VW3/ref=sr_1_180?keywords=ps4+games&qid=1646858019&sr=8-180
FIFA 15 (PS4),719,₹719,4.0 out of 5 stars,https://www.amazon.com//Deus-Ex-Mankind-Divided-Addicts/dp/B01KU1SRJO/ref=sr_1_181?keywords=ps4+games&qid=1646858019&sr=8-181
Goat Simulator - The Bundle (PS4),"2,380","₹2,380",4.3 out of 5 stars,https://www.amazon.com//Deep-Silver-Metro-Exodus-PS4/dp/B07MQ6JBZJ/ref=sr_1_182?keywords=ps4+games&qid=1646858019&sr=8-182
Hades (PS4),499,₹499,3.3 out of 5 stars,https://www.amazon.com//Bethesda-Fallout-76-PS4/dp/B07DPJCGV7/ref=sr_1_183?keywords=ps4+games&qid=1646858019&sr=8-183
NBA 2K20 (PS4)&Marvel's Spider Man (PS4) - Game of the Year Edition (PS4),349,₹349,4.2 out of 5 stars,https://www.amazon.com//Electronic-Arts-FIFA-15-PS4/dp/B00VE0DBOM/ref=sr_1_184?keywords=ps4+games&qid=1646858019&sr=8-184
PS4 Ace Combat 7 Skies Unknown (PS4),793,₹793,4.4 out of 5 stars,https://www.amazon.com//Goat-Simulator-The-Bundle-PS4/dp/B07NYZ9X45/ref=sr_1_185?keywords=ps4+games&qid=1646858019&sr=8-185
Tom Clancy's The Division 2 Game (PS4),"1,758","₹1,758",4.7 out of 5 stars,https://www.amazon.com//Take-2-Hades-PS4/dp/B097J96Y29/ref=sr_1_186?keywords=ps4+games&qid=1646858019&sr=8-186
Battlefield Hardline (PS4),"2,663","₹2,663",,https://www.amazon.com//NBA-2K20-PS4-Marvels-Spider/dp/B08NTYGQ4Q/ref=sr_1_187?keywords=ps4+games&qid=1646858019&sr=8-187
Just Cause 4 - Steelbook Edition (PS4),"1,466","₹1,466",4.5 out of 5 stars,https://www.amazon.com//Bandai-12084-Ace-Combat-PlayStation/dp/B01MUDTTIP/ref=sr_1_188?keywords=ps4+games&qid=1646858019&sr=8-188
WWE 2K19 (PS4),649,₹649,3.9 out of 5 stars,https://www.amazon.com//crash-bandicoot-trilogy-Clancys-Division/dp/B07S1F5FK9/ref=sr_1_189?keywords=ps4+games&qid=1646858019&sr=8-189
World War Z (PS4),"1,089","₹1,089",3.7 out of 5 stars,https://www.amazon.com//Electronic-Arts-Battlefield-Hardline-PS4/dp/B01613IFW4/ref=sr_1_190?keywords=ps4+games&qid=1646858019&sr=8-190
Injustice 2 - Legendary Edition - IT (PS4),"1,290","₹1,290",4.2 out of 5 stars,https://www.amazon.com//Just-Cause-4-Steelbook-PS4/dp/B07K7XLZ4Z/ref=sr_1_191?keywords=ps4+games&qid=1646858019&sr=8-191
The Last Guardian (PS4),"2,799","₹2,799",4.2 out of 5 stars,https://www.amazon.com//2K-Games-WWE-2K19-PS4/dp/B07DPD94DV/ref=sr_1_192?keywords=ps4+games&qid=1646858019&sr=8-192
Rayman Legends-Standard Edition (PS4),"2,299","₹2,299",4.3 out of 5 stars,https://www.amazon.com//SOLA07-UK-22ST-World-War-Z-PS4/dp/B07Q5J12FY/ref=sr_1_193?keywords=ps4+games&qid=1646858021&sr=8-193
The Division 2 - Washington D.C. Edition (PS4),"1,125","₹1,125",4.6 out of 5 stars,https://www.amazon.com//Warner-Bros-Interactive-Injustice-Legendary/dp/B079ZSVPCJ/ref=sr_1_194?keywords=ps4+games&qid=1646858021&sr=8-194
Sleeping Dogs - Definitive Edition,"1,799","₹1,799",4.2 out of 5 stars,https://www.amazon.com//SCEE-The-Last-Guardian-PS4/dp/B01MAWKMYQ/ref=sr_1_195?keywords=ps4+games&qid=1646858021&sr=8-195
The Dark Pictures Anthology: Man of Medan (PS4),"1,299","₹1,299",4.5 out of 5 stars,https://www.amazon.com//Rayman-Legends-Standard-Edition-PS4/dp/B00H5V9S6E/ref=sr_1_196?keywords=ps4+games&qid=1646858021&sr=8-196
Fast & Furious Crossroads (PS4),"1,399","₹1,399",3.9 out of 5 stars,https://www.amazon.com//Division-Washington-D-C-PS4/dp/B07MQ6L4Q7/ref=sr_1_197?keywords=ps4+games&qid=1646858021&sr=8-197
Resident Evil 7: Biohazard (PS4),"1,689","₹1,689",4.5 out of 5 stars,https://www.amazon.com//Square-Enix-Sleeping-Dogs-Definitive/dp/B00N9SWI78/ref=sr_1_198?keywords=ps4+games&qid=1646858021&sr=8-198
Sonic Forces (PS4) (PS4),830,₹830,3.8 out of 5 stars,https://www.amazon.com//Dark-Pictures-Anthology-Man-Medan/dp/B07V83GY2B/ref=sr_1_199?keywords=ps4+games&qid=1646858021&sr=8-199
Ni No Kuni II: Revenant Kingdom (PS4),"1,747","₹1,747",3.9 out of 5 stars,https://www.amazon.com//Namco-Fast-Furious-Crossroads-PS4/dp/B08D8694WF/ref=sr_1_200?keywords=ps4+games&qid=1646858021&sr=8-200
PS4 God of War (PS4) + WWE 2K20 (PS4),"1,140","₹1,140",4.4 out of 5 stars,https://www.amazon.com//Resident-Evil-7-Biohazard-PS4/dp/B01HRK41NM/ref=sr_1_201?keywords=ps4+games&qid=1646858021&sr=8-201
Sniper Ghost Warrior Contracts (PS4),"2,027","₹2,027",4.7 out of 5 stars,https://www.amazon.com//SEGA-PS400931-Sonic-Forces-PS4/dp/B0795ZY4X5/ref=sr_1_202?keywords=ps4+games&qid=1646858021&sr=8-202
Dirt 4 (PS4),999,₹999,4.5 out of 5 stars,https://www.amazon.com//Ni-No-Kuni-II-Revenant/dp/B071K9L3KX/ref=sr_1_203?keywords=ps4+games&qid=1646858021&sr=8-203
Among Us Crewmaster Edition (PS4),"2,642","₹2,642",4.2 out of 5 stars,https://www.amazon.com//PS4-God-War-WWE-2K20/dp/B08JMQ5FDQ/ref=sr_1_204?keywords=ps4+games&qid=1646858021&sr=8-204
Rocket Arena Mythic Edition (PS4),"2,390","₹2,390",4.2 out of 5 stars,https://www.amazon.com//Sniper-Ghost-Warrior-Contracts-PS4/dp/B07YZ4QVZY/ref=sr_1_205?keywords=ps4+games&qid=1646858021&sr=8-205
LEGO: The Incredibles (PS4),"1,021","₹1,021",4.4 out of 5 stars,https://www.amazon.com//Codemasters-CUSA-07062-Dirt-PS4/dp/B07CWNV53M/ref=sr_1_206?keywords=ps4+games&qid=1646858021&sr=8-206
Borderlands 3 Playstation 4 Ps4 Game,"2,499","₹2,499",,https://www.amazon.com//Among-Us-Crewmaster-Edition-PS4/dp/B09NKRTJVN/ref=sr_1_207?keywords=ps4+games&qid=1646858021&sr=8-207
Life is Strange: True Colours (PS4),719,₹719,3.6 out of 5 stars,https://www.amazon.com//Rocket-Arena-Mythic-Edition-PS4/dp/B08C35CNCM/ref=sr_1_208?keywords=ps4+games&qid=1646858021&sr=8-208
Far Cry 6 (PS4) - PlayStation 4,"1,497","₹1,497",4.3 out of 5 stars,https://www.amazon.com//WB-Games-LEGO-The-Incredibles/dp/B07CJFZ5VJ/ref=sr_1_209?keywords=ps4+games&qid=1646858023&sr=8-209
Uncharted Collection Hits (PS4)&SAMEO SG12 Wired Gaming Controller for PC/PS3/Android,649,₹649,4.6 out of 5 stars,https://www.amazon.com//2K-57493-Borderlands-Playstation-Game/dp/B07Q39DBJY/ref=sr_1_210?keywords=ps4+games&qid=1646858023&sr=8-210
NBA 2K20 (PS4),"3,150","₹3,150",4.4 out of 5 stars,https://www.amazon.com//Life-Strange-True-Colours-PS4/dp/B095WXZZ6B/ref=sr_1_211?keywords=ps4+games&qid=1646858023&sr=8-211
Sonic Colours Ultimate (Includes Baby Sonic Keychain) (PS4),"2,440","₹2,440",3.0 out of 5 stars,https://www.amazon.com//UBI-Soft-Far-Cry-PS4/dp/B099PXNS5Q/ref=sr_1_212?keywords=ps4+games&qid=1646858023&sr=8-212
Assassin’s Creed: The Ezio Collection (PS4)&PS4 Horizon Forbidden West standard (PS4),"1,960","₹1,960",,https://www.amazon.com//Uncharted-Collection-Gaming-Controller-Android/dp/B0982N7W9Y/ref=sr_1_213?keywords=ps4+games&qid=1646858023&sr=8-213
Gran Turismo: Sport (PS4),"1,369","₹1,369",4.1 out of 5 stars,https://www.amazon.com//2K-Games-NBA-2K20-PS4/dp/B07VTW2QWH/ref=sr_1_214?keywords=ps4+games&qid=1646858023&sr=8-214
Assassin's Creed Valhalla Standard Edition (PS4) (Free PS5 Upgrade),"2,115","₹2,115",3.0 out of 5 stars,https://www.amazon.com//Sonic-Colours-Ultimate-Baby-Keychain/dp/B098C9GF38/ref=sr_1_215?keywords=ps4+games&qid=1646858023&sr=8-215
Marvel's Spider Man (PS4) - Game of the Year Edition (PS4)&Marvel Avengers (PS4),"5,204","₹5,204",,https://www.amazon.com//dp/B09V49X7G3/ref=sr_1_216?keywords=ps4+games&qid=1646858023&sr=8-216
Assassin's Creed Origins (PS4)&Marvel's Spider Man (PS4) - Game of the Year Edition (PS4),739,₹739,4.5 out of 5 stars,https://www.amazon.com//Sony-9827450-Gran-Turismo-Sport/dp/B00ZG1SVA4/ref=sr_1_217?keywords=ps4+games&qid=1646858023&sr=8-217
GRIP: Combat Racing - Rollers Vs Airblades Ultimate Edition (PS4),"2,100","₹2,100",4.2 out of 5 stars,https://www.amazon.com//Assassins-Creed-Valhalla-Standard-Upgrade/dp/B095PTMHMG/ref=sr_1_218?keywords=ps4+games&qid=1646858023&sr=8-218
Far Cry 3 - Classic Edition (PS4),"2,722","₹2,722",5.0 out of 5 stars,https://www.amazon.com//Marvels-Spider-Man-PS4-Avengers/dp/B08NV1FB3M/ref=sr_1_219?keywords=ps4+games&qid=1646858023&sr=8-219
Stranger of Paradise: Final Fantasy Origin (PS4),"2,588","₹2,588",5.0 out of 5 stars,https://www.amazon.com//Assassins-Creed-Origins-Marvels-Spider/dp/B08NTVXFTY/ref=sr_1_220?keywords=ps4+games&qid=1646858023&sr=8-220
Fortnite: The Last Laugh Bundle (PS4),"1,899","₹1,899",4.1 out of 5 stars,https://www.amazon.com//GRIP-Combat-Rollers-Airblades-Ultimate/dp/B07XDB3FTR/ref=sr_1_221?keywords=ps4+games&qid=1646858023&sr=8-221
Rockstar Games Red Dead Redemption 2 (PS4),"1,099","₹1,099",4.4 out of 5 stars,https://www.amazon.com//Far-Cry-3-Classic-PS4/dp/B07DP71V1J/ref=sr_1_222?keywords=ps4+games&qid=1646858023&sr=8-222
Horizon Zero Dawn Complete Edition PlayStation 4,"3,796","₹3,796",,https://www.amazon.com//Stranger-Paradise-Final-Fantasy-Origin/dp/B09SZVJH1B/ref=sr_1_223?keywords=ps4+games&qid=1646858023&sr=8-223
Dreams- PlayStation Exclusives (PS4),"2,499","₹2,499",3.9 out of 5 stars,https://www.amazon.com//Fortnite-Last-Laugh-Bundle-PS4/dp/B08GQYW5J3/ref=sr_1_224?keywords=ps4+games&qid=1646858023&sr=8-224
PS4 God of War (PS4) & Marvel's Spider Man (PS4) - Game of the Year Edition (PS4) & Horizon: Zero Dawn - Complete Edition (PS4),"2,390","₹2,390",4.7 out of 5 stars,https://www.amazon.com//Rockstar-Games-Red-Dead-Redemption/dp/B01M65RD19/ref=sr_1_225?keywords=ps4+games&qid=1646858025&sr=8-225
GT Sport (PS4)&Need for Speed Payback (PS4),"1,200","₹1,200",3.7 out of 5 stars,https://www.amazon.com//Electronic-Arts-Battlefield-Hardline-PS4/dp/B00LIS82YE/ref=sr_1_226?keywords=ps4+games&qid=1646858025&sr=8-226
Need for Speed Heat (PS4)&NBA 2K21 (PS4),859,₹859,4.5 out of 5 stars,https://www.amazon.com//Horizon-Zero-Dawn-Complete-PlayStation/dp/B07STWQ38X/ref=sr_1_227?keywords=ps4+games&qid=1646858025&sr=8-227
DiRT Rally 2.0 (PS4),"1,690","₹1,690",4.4 out of 5 stars,https://www.amazon.com//Sony-049053-001-Dreams-PlayStation-Exclusives/dp/B084HSS23P/ref=sr_1_228?keywords=ps4+games&qid=1646858025&sr=8-228
Assassin's Creed Valhalla: Dawn of Ragnarok (Code Only + Requires AC: Valhalla) (PS4),"3,032","₹3,032",4.2 out of 5 stars,https://www.amazon.com//PS4-God-War-Marvels-Spider/dp/B0883DTYQ4/ref=sr_1_229?keywords=ps4+games&qid=1646858025&sr=8-229
Marvel's Spider Man (PS4) - Game of the Year Edition (PS4)&WWE 2K20 (PS4),"1,929","₹1,929",4.4 out of 5 stars,https://www.amazon.com//Sport-PS4-Need-Speed-Payback/dp/B08NTW9ZH3/ref=sr_1_230?keywords=ps4+games&qid=1646858025&sr=8-230
Mortal Kombat 11 (PS4)&FIFA 21 Ultimate Edition (PS4),"3,206","₹3,206",,https://www.amazon.com//Need-Speed-Heat-PS4-2K21/dp/B08NV399D1/ref=sr_1_231?keywords=ps4+games&qid=1646858025&sr=8-231
Marvel's Spider Man (PS4) - Game of the Year Edition (PS4) & Call of Duty: Infinite Warfare (PS4),"1,806","₹1,806",4.3 out of 5 stars,https://www.amazon.com//DiRT-Rally-2-0-PlayStation-4/dp/B07KQV9LM7/ref=sr_1_232?keywords=ps4+games&qid=1646858025&sr=8-232
Just Dance 2020 (PS4),"2,850","₹2,850",,https://www.amazon.com//Assassins-Creed-Valhalla-Ragnarok-Requires/dp/B09SZTGKL9/ref=sr_1_233?keywords=ps4+games&qid=1646858025&sr=8-233
PS5 Judgment (PS4),"2,937","₹2,937",5.0 out of 5 stars,https://www.amazon.com//Marvels-Spider-Man-PS4-Game/dp/B08D3MKG3N/ref=sr_1_234?keywords=ps4+games&qid=1646858025&sr=8-234
World Of Warships: Legend - Firepower Deluxe Edition (PS4) (PS4),"3,197","₹3,197",,https://www.amazon.com//Mortal-Kombat-PS4-FIFA-Ultimate/dp/B08NTVMJK8/ref=sr_1_235?keywords=ps4+games&qid=1646858025&sr=8-235
PS4 Sackboy (PS4),"2,125","₹2,125",4.2 out of 5 stars,https://www.amazon.com//Marvels-Spider-Man-PS4-Infinite/dp/B0883DDC4T/ref=sr_1_236?keywords=ps4+games&qid=1646858025&sr=8-236
DIRT 5 (PS4) (PS4),"1,703","₹1,703",3.9 out of 5 stars,https://www.amazon.com//UBI-Soft-Just-Dance-2020/dp/B07WLFGRTV/ref=sr_1_237?keywords=ps4+games&qid=1646858025&sr=8-237
Ao Tennis 2 (PS4),"2,499","₹2,499",5.0 out of 5 stars,https://www.amazon.com//SEGA-PS5-Judgment-PS4/dp/B098CPVLCQ/ref=sr_1_238?keywords=ps4+games&qid=1646858025&sr=8-238
Resident Evil 5 (PS4),"2,499","₹2,499",4.4 out of 5 stars,https://www.amazon.com//World-Warships-Legend-Firepower-Deluxe/dp/B07XGVQYXH/ref=sr_1_239?keywords=ps4+games&qid=1646858025&sr=8-239
Porro Fino PS4 SLIM Dust Proof Kit Prevent Cover Case Stopper Pack for Sony PS4 Slim (Black) [video game],"3,134","₹3,134",4.0 out of 5 stars,https://www.amazon.com//Sony-227757-PS4-Sackboy/dp/B08N1SSWG4/ref=sr_1_240?keywords=ps4+games&qid=1646858025&sr=8-240
Control Ultimate Edition (PS4),"2,150","₹2,150",4.0 out of 5 stars,https://www.amazon.com//Codemasters-CODA16-UK-22DE-DIRT-5-PS4/dp/B0889BSK6P/ref=sr_1_241?keywords=ps4+games&qid=1646858028&sr=8-241
Street Fighter V: Champion Edition (PS4),"2,050","₹2,050",4.1 out of 5 stars,https://www.amazon.com//Big-Ant-Studios-791557-Tennis/dp/B0829GYGX4/ref=sr_1_242?keywords=ps4+games&qid=1646858028&sr=8-242
Marvel's Spider Man (PS4) - Game of the Year Edition (PS4) & Red Dead Redemption - 2 (PS4),"1,785","₹1,785",3.9 out of 5 stars,https://www.amazon.com//Capcom-Resident-Evil-5-PS4/dp/B07DPJ4G8B/ref=sr_1_243?keywords=ps4+games&qid=1646858028&sr=8-243
Code Vein (PS4),325,₹325,,https://www.amazon.com//Porro-Fino-Proof-Prevent-Stopper/dp/B07NRXHCY4/ref=sr_1_244?keywords=ps4+games&qid=1646858028&sr=8-244
LEGO City Undercover (PS4),"2,790","₹2,790",3.5 out of 5 stars,https://www.amazon.com//505-Games-Control-Ultimate-Edition/dp/B08KFPXWNX/ref=sr_1_245?keywords=ps4+games&qid=1646858028&sr=8-245
PlayStation Wallet Top Up INR 670 (PS4),"1,860","₹1,860",4.4 out of 5 stars,https://www.amazon.com//Street-Fighter-V-Champion-PS4/dp/B082Z1B8J7/ref=sr_1_246?keywords=ps4+games&qid=1646858028&sr=8-246
Team Sonic Racing - Special Edition - IT (PS4),"3,293","₹3,293",4.9 out of 5 stars,https://www.amazon.com//Marvels-Spider-Man-PS4-Redemption/dp/B0883F84DS/ref=sr_1_247?keywords=ps4+games&qid=1646858028&sr=8-247
Cricket 19 International Edition (PS4)&Nx100s Stereo Headset With Foldable Microphone,"1,550","₹1,550",3.9 out of 5 stars,https://www.amazon.com//Namco-Code-Vein-PS4/dp/B07V6Z8TMP/ref=sr_1_248?keywords=ps4+games&qid=1646858028&sr=8-248
ROCKSTAR GAMES Grand Theft Auto for PS4&FIFA 16 (PS4),"1,499","₹1,499",4.4 out of 5 stars,https://www.amazon.com//Warner-Brothers-LEGO-City-Undercover/dp/B06XRWM99V/ref=sr_1_249?keywords=ps4+games&qid=1646858028&sr=8-249
PS5 Marvel's Avengers,670,₹670,4.6 out of 5 stars,https://www.amazon.com//Sony-PlayStation-Network-Wallet-Top-Up/dp/B0839HSCLW/ref=sr_1_250?keywords=ps4+games&qid=1646858028&sr=8-250
PS4 Resident Evil Village (Free PS5 Upgrade) (PS4),"2,019","₹2,019",4.6 out of 5 stars,https://www.amazon.com//Team-Sonic-Racing-Special-PS4/dp/B07XPR4LDV/ref=sr_1_251?keywords=ps4+games&qid=1646858028&sr=8-251
Final Fantasy XII - The Zodiac Age (PS4),"2,827","₹2,827",,https://www.amazon.com//Cricket-International-Headset-Foldable-Microphone/dp/B0982NXHW6/ref=sr_1_252?keywords=ps4+games&qid=1646858028&sr=8-252
Hello Neighbor: Hide & Seek (PS4),"1,917","₹1,917",,https://www.amazon.com//dp/B09V4M9XVQ/ref=sr_1_253?keywords=ps4+games&qid=1646858028&sr=8-253
Far Cry 6 (PS4),"1,970","₹1,970",4.3 out of 5 stars,https://www.amazon.com//Square-Enix-PS5-Marvels-Avengers/dp/B08VKFG51B/ref=sr_1_254?keywords=ps4+games&qid=1646858028&sr=8-254
Call of Duty: Black Ops Cold War (PS4),"3,355","₹3,355",4.4 out of 5 stars,https://www.amazon.com//Resident-Evil-Village-Free-Upgrade/dp/B08WXJ41Q4/ref=sr_1_255?keywords=ps4+games&qid=1646858028&sr=8-255
Metal Gear Survive (PS4),"1,280","₹1,280",4.6 out of 5 stars,https://www.amazon.com//Final-Fantasy-XII-Zodiac-Age/dp/B072MH6MS4/ref=sr_1_256?keywords=ps4+games&qid=1646858028&sr=8-256
Battlefield 2042 (PS4),"1,990","₹1,990",,https://www.amazon.com//Hello-Neighbor-Hide-Seek-PS4/dp/B0839KH14B/ref=sr_1_257?keywords=ps4+games&qid=1646858030&sr=8-257
SNIPER ELITE 4,"2,470","₹2,470",5.0 out of 5 stars,https://www.amazon.com//UBI-Soft-Far-Cry-PS4/dp/B099Q1MQT1/ref=sr_1_258?keywords=ps4+games&qid=1646858030&sr=8-258
Assassin's Creed Origins + Odyssey Double Pack (PS4),"4,185","₹4,185",3.7 out of 5 stars,https://www.amazon.com//Call-Duty-Black-Ops-Cold/dp/B07SKJBZQF/ref=sr_1_259?keywords=ps4+games&qid=1646858030&sr=8-259
Rockstar Grand Theft Auto V (PS4),612,₹612,2.4 out of 5 stars,https://www.amazon.com//Konami-Metal-Gear-Survive-PS4/dp/B07919QXL4/ref=sr_1_260?keywords=ps4+games&qid=1646858030&sr=8-260
Tomb Raider: Definitive Edition (PS4),"1,598","₹1,598",1.0 out of 5 stars,https://www.amazon.com//Electronic-Arts-Battlefield-2042-PS4/dp/B097SPY9D4/ref=sr_1_261?keywords=ps4+games&qid=1646858030&sr=8-261
ACTIVISION Call of Duty: WWII (PS4),"1,749","₹1,749",4.5 out of 5 stars,https://www.amazon.com//217900-SNIPER-ELITE-4/dp/B071P1RK18/ref=sr_1_262?keywords=ps4+games&qid=1646858030&sr=8-262
Black Clover Quartet Knights (PS4),"2,490","₹2,490",4.6 out of 5 stars,https://www.amazon.com//Assassins-Creed-Origins-Odyssey-Double/dp/B07TD532W8/ref=sr_1_263?keywords=ps4+games&qid=1646858030&sr=8-263
Fruit Ninja (PSVR/PS4) (PS4),"1,555","₹1,555",4.3 out of 5 stars,https://www.amazon.com//Grand-Theft-Auto-V-PS4/dp/B00KL4AROO/ref=sr_1_264?keywords=ps4+games&qid=1646858030&sr=8-264
LEGO Harry Potter Collection (PS 4),"1,249","₹1,249",4.7 out of 5 stars,https://www.amazon.com//Tomb-Raider-Definitive-Edition-PS4/dp/B00GZ1GUSY/ref=sr_1_265?keywords=ps4+games&qid=1646858030&sr=8-265
NieR:Automata Game of the YoRHa Edition (PS4),"2,744","₹2,744",4.3 out of 5 stars,https://www.amazon.com//Call-of-Duty-WWII-PS4/dp/B071DHJC43/ref=sr_1_266?keywords=ps4+games&qid=1646858030&sr=8-266
PS4 The Last of Us Part II (PS4)&Need for Speed Heat (PS4),"2,240","₹2,240",4.3 out of 5 stars,https://www.amazon.com//Call-Duty-Advanced-Warfare-PS4/dp/B00P2CK5VU/ref=sr_1_267?keywords=ps4+games&qid=1646858030&sr=8-267
F1 2020 (PS4),"1,999","₹1,999",,https://www.amazon.com//Black-Clover-Quartet-Knights-PS4/dp/B07FQ2DDBX/ref=sr_1_270?keywords=ps4+games&qid=1646858030&sr=8-270
Until Dawn (PS4),838,₹838,4.6 out of 5 stars,https://www.amazon.com//1084676-Fruit-Ninja-PSVR-PS4/dp/B07BTQFLHB/ref=sr_1_272?keywords=ps4+games&qid=1646858030&sr=8-272
Drive Club (PS4),"1,499","₹1,499",4.2 out of 5 stars,https://www.amazon.com//LEGO-Harry-Potter-Collection-PS/dp/B01M3SHXJN/ref=sr_1_273?keywords=ps4+games&qid=1646858032&sr=8-273
Just Dance 2019 (PS4),"1,950","₹1,950",4.6 out of 5 stars,https://www.amazon.com//NieR-Automata-Game-YoRHa-PS4/dp/B08LWV2S5Q/ref=sr_1_274?keywords=ps4+games&qid=1646858032&sr=8-274
Doom VFR (PS4) (PS4),"3,698","₹3,698",,https://www.amazon.com//Last-Part-Need-Speed-Heat/dp/B08NV1MMD1/ref=sr_1_275?keywords=ps4+games&qid=1646858032&sr=8-275
Spider-Man - PlayStation 4,"2,440","₹2,440",4.6 out of 5 stars,https://www.amazon.com//CODA15-UK-22ST-F1-2020-PS4/dp/B08JM5VBB6/ref=sr_1_276?keywords=ps4+games&qid=1646858032&sr=8-276
Tomb Raider Definitive (PS4),999,₹999,4.3 out of 5 stars,https://www.amazon.com//Sony-Until-Dawn-PS4/dp/B00WU8RBHK/ref=sr_1_277?keywords=ps4+games&qid=1646858032&sr=8-277
Doctor Who: The Edge of Time (PS4),"1,639","₹1,639",3.9 out of 5 stars,https://www.amazon.com//Sony-G000006312-Drive-Club-PS4/dp/B00HR4IFZ4/ref=sr_1_278?keywords=ps4+games&qid=1646858032&sr=8-278
Ratchet & Clank (Tbd 2016),"1,290","₹1,290",4.6 out of 5 stars,https://www.amazon.com//UBI-Soft-Just-Dance-2019/dp/B07DW7RLL3/ref=sr_1_279?keywords=ps4+games&qid=1646858032&sr=8-279
PS5 Elden Ring,872,₹872,4.5 out of 5 stars,https://www.amazon.com//Bethesda-DO4CVRP4PEUK-Doom-VFR-PS4/dp/B073V6XKS6/ref=sr_1_280?keywords=ps4+games&qid=1646858032&sr=8-280
Ben 10 (PS4),"1,449","₹1,449",4.7 out of 5 stars,https://www.amazon.com//Sony-3001885-Spider-Man-PlayStation-4/dp/B01GW8YDLK/ref=sr_1_282?keywords=ps4+games&qid=1646858032&sr=8-282
Take 2 2K Games Ps4 Mafia Iii,"1,219","₹1,219",4.4 out of 5 stars,https://www.amazon.com//Square-Enix-Tomb-Raider-Definitive/dp/B00I3F74IA/ref=sr_1_283?keywords=ps4+games&qid=1646858032&sr=8-283
LEGO The Incredibles (PS4),688,₹688,4.4 out of 5 stars,https://www.amazon.com//Doctor-Who-Edge-Time-PS4/dp/B085JH8TKV/ref=sr_1_285?keywords=ps4+games&qid=1646858032&sr=8-285
WWE 2K20 (PS4)&Grand Theft Auto V - Premium Edition (PS4),649,₹649,5.0 out of 5 stars,https://www.amazon.com//Sony-3000550-Ratchet-Clank-2016/dp/B00Z9LUDX4/ref=sr_1_286?keywords=ps4+games&qid=1646858032&sr=8-286
GRID (PS4),"3,999","₹3,999",3.0 out of 5 stars,https://www.amazon.com//NAMCO-PS5-Elden-Ring/dp/B09MG5LQ18/ref=sr_1_287?keywords=ps4+games&qid=1646858032&sr=8-287
LEGO Marvel Superheroes 2 - PlayStation 4,719,₹719,5.0 out of 5 stars,https://www.amazon.com//Pro-Evolution-Soccer-2019-Beckham/dp/B07GM8MK2D/ref=sr_1_288?keywords=ps4+games&qid=1646858032&sr=8-288
"Mortal Kombat 11 (PS4)&ESWAP PRO CONTROLLER: the versatile, wired professional controller for PS4 and PC","1,499","₹1,499",,https://www.amazon.com//Ben-10-PS4/dp/B08GJM4DDK/ref=sr_1_289?keywords=ps4+games&qid=1646858034&sr=8-289
Lost Judgment (PS4),"1,389","₹1,389",4.4 out of 5 stars,https://www.amazon.com//Take-Games-Ps4-Mafia-Iii/dp/B012TBHIHU/ref=sr_1_290?keywords=ps4+games&qid=1646858034&sr=8-290
Far Cry 6 Ultimate Edition (PS4),"1,490","₹1,490",4.7 out of 5 stars,https://www.amazon.com//1000704832-LEGO-The-Incredibles-PS4/dp/B07BTNCWSM/ref=sr_1_291?keywords=ps4+games&qid=1646858034&sr=8-291
ROCKSTAR GAMES Grand Theft Auto for PS4&PS4 Minecraft Starter Collection (PS4),"3,122","₹3,122",4.3 out of 5 stars,https://www.amazon.com//WWE-2K20-Grand-Theft-Auto/dp/B08NRL2PZL/ref=sr_1_292?keywords=ps4+games&qid=1646858034&sr=8-292
Lego: Jurassic World (PS4),"1,738","₹1,738",4.0 out of 5 stars,https://www.amazon.com//Codemasters-Racing-GRID-PS4/dp/B07YP1ZMHV/ref=sr_1_293?keywords=ps4+games&qid=1646858034&sr=8-293
Cars 3: Driven to Win - PlayStation 4,"1,599","₹1,599",4.6 out of 5 stars,https://www.amazon.com//Warner-Home-Video-Games-1000648795/dp/B071HV9NQT/ref=sr_1_294?keywords=ps4+games&qid=1646858034&sr=8-294
Just Dance 2022 (PS4),"9,427","₹9,427",,https://www.amazon.com//Mortal-Kombat-PS4-ESWAP-CONTROLLER/dp/B0982NFHYV/ref=sr_1_295?keywords=ps4+games&qid=1646858034&sr=8-295
Marvel's Spider Man (PS4) - Game of the Year Edition (PS4)&FIFA 21 Ultimate Edition (PS4),"3,150","₹3,150",3.5 out of 5 stars,https://www.amazon.com//SEGA-Lost-Judgment-PS4/dp/B098CCSWJZ/ref=sr_1_296?keywords=ps4+games&qid=1646858034&sr=8-296
Activision Blizzard Inc Call of Duty: Infinite Warfare - Standard Edition - PlayStation 4,"6,499","₹6,499",5.0 out of 5 stars,https://www.amazon.com//Far-Cry-6-Ultimate-PS4/dp/B08D86PCJR/ref=sr_1_297?keywords=ps4+games&qid=1646858034&sr=8-297
Shadow of the Tomb Raider - Croft Edition (PS4),"2,291","₹2,291",,https://www.amazon.com//dp/B09V47G5KD/ref=sr_1_298?keywords=ps4+games&qid=1646858034&sr=8-298
PS4 God of War (PS4) & Marvel's Spider Man (PS4) - Game of the Year Edition (PS4) & Days Gone - (PS4),"1,299","₹1,299",4.0 out of 5 stars,https://www.amazon.com//Warner-Bros-Lego-Jurassic-World/dp/B00U0YGGY0/ref=sr_1_299?keywords=ps4+games&qid=1646858034&sr=8-299
